Variable,Correlación
TARGET,1.0
ENPR-00105,0.3068476931471066
ENPR-00111,0.23175040456238116
ENPR-00103,0.2156916039166656
ENPR-00101,0.21061938341988748
ENPR-00100,0.199377523770006
RANGO_TIEMPO_BCP,0.10215379352012312
TIEMPO_BCP,0.08926505300871984
RANGO_EDAD,0.05069510064638134
GENERO,0.0377860254284394
